	{
	"numero": 11123,
	"abertura": "10/09/1951",
	"banco": {
		"numero": 1,
		"nome": "BANCO DO BRASIL"
	},
	"agencia": {
		"numero": 1952,
		"nome": "AGÊNCIA CENTRAL",
		"cidade": "BAURU",
		"estado": "SP"
	},
	"cliente": {
		"nome": "JOÃO SILVA",
		"genero": "MA",
		"nascimento": "10/09/1951",
		"cpf": 11111111111
	},
	"lancamentos": [
		{
			"datahora": "15/08/2022 10:00:00",
			"descricao": "DEPÓSITO",
			"valor": 1000
		},
		{
			"datahora": "17/08/2022 20:00:00",
			"descricao": "CINEMA",
			"valor": -40
		},
		{
			"datahora": "18/08/2022 13:00:00",
			"descricao": "PADARIA",
			"valor": -10.55
		}
	]
	}