{
    "numero": 19536,
    "abertura": "10/10/1999",
    "banco": {
        "numero": 345,
        "nome": "BANCO ITAÚ"
    },
    "agencia": {
        "numero": 9386,
        "nome": "AGÊNCIA DA PRAÇA",
        "cidade": "AGUDOS",
        "estado": "SP"
    },
    "cliente": {
        "nome": "JOÃO SILVA",
        "genero": "M",
        "nascimento": "10/09/1951",
        "cpf": 11111111111
    },
    "lancamentos": [
        {
            "datahora": "20/10/2000 15:00:00",
            "descricao": "COMBUSTÍVEL",
            "valor": -135
        }
    ]
}